prev,curr,count,prob_global
A,A,14,0.009722222222222222
A,N,332,0.23055555555555557
A,J,1,0.0006944444444444445
A,S,39,0.027083333333333334
N,A,116,0.08055555555555556
N,N,111,0.07708333333333334
N,J,35,0.024305555555555556
N,S,92,0.06388888888888888
J,A,1,0.0006944444444444445
J,N,37,0.025694444444444443
J,J,306,0.2125
J,S,4,0.002777777777777778
S,A,19,0.013194444444444444
S,N,223,0.15486111111111112
S,J,4,0.002777777777777778
S,S,106,0.07361111111111111
